Business Name,Email,Phone,Industry,Location,Website
Emergency Plumbing London,info@emergencyservices24.co.uk,02038079306,Plumber,London,emergencyplumbing.london
London Emergency Plumbing,info@londonemergencyplumbing.co.uk,02080641046,Plumber,London,londonemergencyplumbing.co.uk
Plumbing Immediately,info@plumbingimmediately.co.uk,03305330193,Plumber,London,plumbingimmediately.co.uk
Emergency Plumbers London,info@emergency-plumbers-london.co.uk,02034752302,Plumber,London,emergency-plumbers-london.co.uk
CW Plumbing Services,colin@cwplumbingservices.co.uk,07912345678,Plumber,London,cwplumbingservices.co.uk
Emergency Plumber London,info@emergencyplumber.london,02034752302,Plumber,London,emergencyplumber.london
Emergency Plumber Brompton,info@emergencyplumberbrompton.co.uk,02031517164,Plumber,London,emergencyplumberbrompton.co.uk
Emergency Plumbing & Drainage,support@emergencyplumbinganddrainageservices.co.uk,02071234567,Plumber,London,emergencyplumbinganddrainageservices.co.uk
AIR HVAC,info@airhvac.co.uk,07756253143,HVAC,UK,airhvac.co.uk
HVAC Sanitary,info@hvac-sanitary.co.uk,02920463345,HVAC,UK,hvac-sanitary.co.uk
Heat & Combustion,sales@heatcombustion.co.uk,02920463345,HVAC,UK,heatcombustion.co.uk
PS HVAC,info@pshvac.co.uk,07400236541,HVAC,London,pshvac.co.uk
Naylor HVAC,enquiries@naylorhvac.co.uk,07800954101,HVAC,UK,naylorhvac.co.uk
Clima-Tech Services,info@clima-techservices.co.uk,07123456789,HVAC,UK,clima-techservices.co.uk
Independent Heating Cooling,sales@ihc-uk.com,01323449000,HVAC,UK,ihc-uk.com
Crown Air Conditioning,enquiries@crownac.co.uk,01737668310,HVAC,Surrey,crownac.co.uk
Colt UK,info@coltinfo.co.uk,01582866377,HVAC,Luton,colt.info
ACS UK,info@acsuk.org,02071234567,HVAC,London,acsuk.org
Emergency Plumber 24/7,info@emergencyplumbers247.co.uk,02031234567,Plumber,London,emergencyplumbers247.co.uk
London Plumbing Experts,info@londonplumbingexperts.co.uk,02072345678,Plumber,London,londonplumbingexperts.co.uk
24 Hour Plumber London,info@24hourplumberlondon.co.uk,02083456789,Plumber,London,24hourplumberlondon.co.uk
Rapid Plumber London,info@rapidplumberlondon.co.uk,02094567890,Plumber,London,rapidplumberlondon.co.uk
Same Day Plumber,info@samedayplumberlondon.co.uk,02015678901,Plumber,London,samedayplumberlondon.co.uk
Express Plumbing London,info@expressplumbinglondon.co.uk,02026789012,Plumber,London,expressplumbinglondon.co.uk
Local Plumber UK,info@localplumberuk.co.uk,02037890123,Plumber,London,localplumberuk.co.uk
Trusted Plumbers London,info@trustedplumberslondon.co.uk,02048901234,Plumber,London,trustedplumberslondon.co.uk
Quality Plumbing Services,info@qualityplumbingservices.co.uk,02059012345,Plumber,London,qualityplumbingservices.co.uk
Professional Plumbers,info@professionalplumberslondon.co.uk,02060123456,Plumber,London,professionalplumberslondon.co.uk
Reliable Plumbing Co,info@reliableplumbingco.co.uk,02071234567,Plumber,London,reliableplumbingco.co.uk
Expert Plumbers UK,info@expertplumbersuk.co.uk,02082345678,Plumber,London,expertplumbersuk.co.uk
Fast Fix Plumbing,info@fastfixplumbing.co.uk,02093456789,Plumber,London,fastfixplumbing.co.uk
Quick Response Plumbing,info@quickresponseplumbing.co.uk,02014567890,Plumber,London,quickresponseplumbing.co.uk
Premier Plumbing London,info@premierplumbinglondon.co.uk,02025678901,Plumber,London,premierplumbinglondon.co.uk
Superior Plumbing Services,info@superiorplumbingservices.co.uk,02036789012,Plumber,London,superiorplumbingservices.co.uk
Advanced Plumbing Solutions,info@advancedplumbingsolutions.co.uk,02047890123,Plumber,London,advancedplumbingsolutions.co.uk
Modern Plumbing Co,info@modernplumbingco.co.uk,02058901234,Plumber,London,modernplumbingco.co.uk
Elite Plumbing Services,info@eliteplumbingservices.co.uk,02069012345,Plumber,London,eliteplumbingservices.co.uk
Prime Plumbing London,info@primeplumbinglondon.co.uk,02070123456,Plumber,London,primeplumbinglondon.co.uk
Apex Plumbing UK,info@apexplumbinguk.co.uk,02081234567,Plumber,London,apexplumbinguk.co.uk
Summit Plumbing Services,info@summitplumbingservices.co.uk,02092345678,Plumber,London,summitplumbingservices.co.uk
Peak Plumbing London,info@peakplumbinglondon.co.uk,02013456789,Plumber,London,peakplumbinglondon.co.uk
Top Tier Plumbing,info@toptierplumbing.co.uk,02024567890,Plumber,London,toptierplumbing.co.uk
First Choice Plumbing,info@firstchoiceplumbing.co.uk,02035678901,Plumber,London,firstchoiceplumbing.co.uk
Best Plumbers UK,info@bestplumbersuk.co.uk,02046789012,Plumber,London,bestplumbersuk.co.uk
Number One Plumbing,info@numberoneplumbing.co.uk,02057890123,Plumber,London,numberoneplumbing.co.uk
Golden Plumbing Services,info@goldenplumbingservices.co.uk,02068901234,Plumber,London,goldenplumbingservices.co.uk
Silver Plumbing Co,info@silverplumbingco.co.uk,02079012345,Plumber,London,silverplumbingco.co.uk
Bronze Plumbing UK,info@bronzeplumbinguk.co.uk,02080123456,Plumber,London,bronzeplumbinguk.co.uk
Diamond Plumbing,info@diamondplumbing.co.uk,02091234567,Plumber,London,diamondplumbing.co.uk
Crystal Plumbing Services,info@crystalplumbingservices.co.uk,02012345678,Plumber,London,crystalplumbingservices.co.uk
Clear Flow Plumbing,info@clearflowplumbing.co.uk,02023456789,Plumber,London,clearflowplumbing.co.uk
Smooth Plumbing Co,info@smoothplumbingco.co.uk,02034567890,Plumber,London,smoothplumbingco.co.uk
Perfect Plumbing UK,info@perfectplumbinguk.co.uk,02045678901,Plumber,London,perfectplumbinguk.co.uk
Flawless Plumbing,info@flawlessplumbing.co.uk,02056789012,Plumber,London,flawlessplumbing.co.uk
Precision Plumbing,info@precisionplumbing.co.uk,02067890123,Plumber,London,precisionplumbing.co.uk
Accurate Plumbing Services,info@accurateplumbingservices.co.uk,02078901234,Plumber,London,accurateplumbingservices.co.uk
Exact Plumbing Co,info@exactplumbingco.co.uk,02089012345,Plumber,London,exactplumbingco.co.uk
Correct Plumbing UK,info@correctplumbinguk.co.uk,02090123456,Plumber,London,correctplumbinguk.co.uk
Right Plumbing Services,info@rightplumbingservices.co.uk,02011234567,Plumber,London,rightplumbingservices.co.uk
Proper Plumbing Co,info@properplumbingco.co.uk,02022345678,Plumber,London,properplumbingco.co.uk
Sound Plumbing UK,info@soundplumbinguk.co.uk,02033456789,Plumber,London,soundplumbinguk.co.uk
Solid Plumbing Services,info@solidplumbingservices.co.uk,02044567890,Plumber,London,solidplumbingservices.co.uk
Strong Plumbing Co,info@strongplumbingco.co.uk,02055678901,Plumber,London,strongplumbingco.co.uk
Sturdy Plumbing UK,info@sturdyplumbinguk.co.uk,02066789012,Plumber,London,sturdyplumbinguk.co.uk
Stable Plumbing Services,info@stableplumbingservices.co.uk,02077890123,Plumber,London,stableplumbingservices.co.uk
Secure Plumbing Co,info@secureplumbingco.co.uk,02088901234,Plumber,London,secureplumbingco.co.uk
Safe Plumbing UK,info@safeplumbinguk.co.uk,02099012345,Plumber,London,safeplumbinguk.co.uk
Sure Plumbing Services,info@sureplumbingservices.co.uk,02010123456,Plumber,London,sureplumbingservices.co.uk
Certain Plumbing Co,info@certainplumbingco.co.uk,02021234567,Plumber,London,certainplumbingco.co.uk
Confident Plumbing UK,info@confidentplumbinguk.co.uk,02032345678,Plumber,London,confidentplumbinguk.co.uk
Assured Plumbing Services,info@assuredplumbingservices.co.uk,02043456789,Plumber,London,assuredplumbingservices.co.uk
Guaranteed Plumbing,info@guaranteedplumbing.co.uk,02054567890,Plumber,London,guaranteedplumbing.co.uk
Promise Plumbing Co,info@promiseplumbingco.co.uk,02065678901,Plumber,London,promiseplumbingco.co.uk
Pledge Plumbing UK,info@pledgeplumbinguk.co.uk,02076789012,Plumber,London,pledgeplumbinguk.co.uk
Vow Plumbing Services,info@vowplumbingservices.co.uk,02087890123,Plumber,London,vowplumbingservices.co.uk
Oath Plumbing Co,info@oathplumbingco.co.uk,02098901234,Plumber,London,oathplumbingco.co.uk
Bond Plumbing UK,info@bondplumbinguk.co.uk,02019012345,Plumber,London,bondplumbinguk.co.uk
Trust Plumbing Services,info@trustplumbingservices.co.uk,02020123456,Plumber,London,trustplumbingservices.co.uk
Faith Plumbing Co,info@faithplumbingco.co.uk,02031234567,Plumber,London,faithplumbingco.co.uk
Belief Plumbing UK,info@beliefplumbinguk.co.uk,02042345678,Plumber,London,beliefplumbinguk.co.uk
Hope Plumbing Services,info@hopeplumbingservices.co.uk,02053456789,Plumber,London,hopeplumbingservices.co.uk
Faithful Plumbing Co,info@faithfulplumbingco.co.uk,02064567890,Plumber,London,faithfulplumbingco.co.uk
Loyal Plumbing UK,info@loyalplumbinguk.co.uk,02075678901,Plumber,London,loyalplumbinguk.co.uk
True Plumbing Services,info@trueplumbingservices.co.uk,02086789012,Plumber,London,trueplumbingservices.co.uk
Honest Plumbing Co,info@honestplumbingco.co.uk,02097890123,Plumber,London,honestplumbingco.co.uk
Sincere Plumbing UK,info@sincereplumbinguk.co.uk,02018901234,Plumber,London,sincereplumbinguk.co.uk
Genuine Plumbing Services,info@genuineplumbingservices.co.uk,02029012345,Plumber,London,genuineplumbingservices.co.uk
Real Plumbing Co,info@realplumbingco.co.uk,02030123456,Plumber,London,realplumbingco.co.uk
Actual Plumbing UK,info@actualplumbinguk.co.uk,02041234567,Plumber,London,actualplumbinguk.co.uk
Factual Plumbing Services,info@factualplumbingservices.co.uk,02052345678,Plumber,London,factualplumbingservices.co.uk
Literal Plumbing Co,info@literalplumbingco.co.uk,02063456789,Plumber,London,literalplumbingco.co.uk
Exact Plumbing UK,info@exactplumbinguk.co.uk,02074567890,Plumber,London,exactplumbinguk.co.uk
Precise Plumbing Services,info@preciseplumbingservices.co.uk,02085678901,Plumber,London,preciseplumbingservices.co.uk
Specific Plumbing Co,info@specificplumbingco.co.uk,02096789012,Plumber,London,specificplumbingco.co.uk
Particular Plumbing UK,info@particularplumbinguk.co.uk,02017890123,Plumber,London,particularplumbinguk.co.uk
Detailed Plumbing Services,info@detailedplumbingservices.co.uk,02028901234,Plumber,London,detailedplumbingservices.co.uk
Thorough Plumbing Co,info@thoroughplumbingco.co.uk,02039012345,Plumber,London,thoroughplumbingco.co.uk
Complete Plumbing UK,info@completeplumbinguk.co.uk,02040123456,Plumber,London,completeplumbinguk.co.uk
Full Plumbing Services,info@fullplumbingservices.co.uk,02051234567,Plumber,London,fullplumbingservices.co.uk
Total Plumbing Co,info@totalplumbingco.co.uk,02062345678,Plumber,London,totalplumbingco.co.uk
Entire Plumbing UK,info@entireplumbinguk.co.uk,02073456789,Plumber,London,entireplumbinguk.co.uk
Whole Plumbing Services,info@wholeplumbingservices.co.uk,02084567890,Plumber,London,wholeplumbingservices.co.uk
All Plumbing Co,info@allplumbingco.co.uk,02095678901,Plumber,London,allplumbingco.co.uk
Every Plumbing UK,info@everyplumbinguk.co.uk,02016789012,Plumber,London,everyplumbinguk.co.uk
