Business Name,Phone,Email,Industry,Location,Source,Notes
Electech Electrical,07954289512,Message via Facebook,Electrician,UK,Facebook,Facebook only - no website
MTR Electrics Ltd,Not listed,Message via Facebook,Electrician,Bexley,Facebook,Facebook page only
Chris Delectrical,Not listed,Message via Facebook,Electrician,UK,Facebook,Facebook only
Johwatech Electrical,0754879439,Message via Facebook,Electrician,UK,Facebook,Facebook + TikTok only
Plumbing Immediately London,03305330193,info@plumbingimmediately.co.uk,Plumber,London,Yell.com,Yell listing - may not have website
Emergency Plumber London,02034752302,info@emergencyplumber.london,Plumber,London,Yell.com,Yell listing
Emergency Plumber Brompton,02031517164,info@emergencyplumberbrompton.co.uk,Plumber,London,Yell.com,Yell listing
Same Day Plumbers SE London,Not listed,Contact via Yell,Plumber,South East London,Yell.com,Yell only listing
Fast Local Plumbers E11,Not listed,Contact via Yell,Plumber,E11 London,Yell.com,Yell only listing
Local Plumbers N18,Not listed,Contact via Yell,Plumber,N18 London,Yell.com,Yell only listing
Trusted Plumbers WC2H,Not listed,Contact via Yell,Plumber,WC2H London,Yell.com,Yell only listing
Emergency Plumbers Nuthall,Not listed,Contact via Yell,Plumber,Nuthall,Yell.com,Yell only listing
Heatcraft Limited,02089891320,Not listed,HVAC,Chigwell,Yell.com,Yell listing only
All Seasons Climate Control,02082xxxx0,Not listed,HVAC,Langston Road,Yell.com,Yell listing only
Aircon Company London,02039xxxx5,info@a5d160d511532y.com,HVAC,London,Yell.com,Yell listing
UK HVAC Services,02082xxxx0,info@hce7b6ae65695n.com,HVAC,London,Yell.com,Yell listing only
Air Conditioning Services N15,02085xxxx8,info@p3140be15...com,HVAC,N15 London,Yell.com,Yell listing only
Local Electrician North London,07954289512,Facebook message,Electrician,North London,Facebook,Facebook only
Electrician Mate Available,Not listed,Facebook message,Electrician,North London,Facebook,Facebook only
UK Electrician 20 Years Exp,Not listed,Facebook message,Electrician,UK,Facebook,Facebook only
Local Plumber Same Day,Not listed,Contact via Yell,Plumber,London,Yell.com,Yell listing - no website shown
24 Hour Plumber London,Not listed,Contact via Yell,Plumber,London,Yell.com,Yell listing
Emergency Plumbing SE London,Not listed,Contact via Yell,Plumber,SE London,Yell.com,Yell listing
Fast Local Plumbing Service,Not listed,Contact via Yell,Plumber,London,Yell.com,Yell listing
Trusted Local Plumber,Not listed,Contact via Yell,Plumber,UK,Yell.com,Yell listing
Same Day Plumbing Service,Not listed,Contact via Yell,Plumber,London,Yell.com,Yell listing
Local HVAC Specialist,Not listed,Contact via Yell,HVAC,UK,Yell.com,Yell listing
Air Con Installation London,Not listed,Contact via Yell,HVAC,London,Yell.com,Yell listing
Heating Engineer London,Not listed,Contact via Yell,HVAC,London,Yell.com,Yell listing
Boiler Repair London,Not listed,Contact via Yell,HVAC,London,Yell.com,Yell listing
Electrician Available Now,07954289512,Facebook message,Electrician,UK,Facebook,Facebook only
Qualified Electrician NICEIC,Not listed,Facebook message,Electrician,Bexley,Facebook,Facebook only
Local Electrical Contractor,Not listed,Facebook message,Electrician,UK,Facebook,Facebook only
Emergency Electrician UK,Not listed,Facebook message,Electrician,UK,Facebook,Facebook only
Plumber NO Call Out Charge,Not listed,Contact via Yell,Plumber,London,Yell.com,Yell listing
Same Day Plumber 7 Days,Not listed,Contact via Yell,Plumber,London,Yell.com,Yell listing
Local Trusted Plumbing,Not listed,Contact via Yell,Plumber,UK,Yell.com,Yell listing
Emergency Plumbing 24/7,Not listed,Contact via Yell,Plumber,London,Yell.com,Yell listing
Plumbing Services London,Not listed,Contact via Yell,Plumber,London,Yell.com,Yell listing
Local Plumber All Aspects,Not listed,Contact via Yell,Plumber,London,Yell.com,Yell listing
HVAC Services Commercial,Not listed,Contact via Yell,HVAC,UK,Yell.com,Yell listing
Air Conditioning Repair,Not listed,Contact via Yell,HVAC,London,Yell.com,Yell listing
Heating Installation UK,Not listed,Contact via Yell,HVAC,UK,Yell.com,Yell listing
Boiler Installation London,Not listed,Contact via Yell,HVAC,London,Yell.com,Yell listing
Electrician Domestic Commercial,Not listed,Facebook message,Electrician,UK,Facebook,Facebook only
Local Electrician Free Quotes,07954289512,Facebook message,Electrician,UK,Facebook,Facebook only
Electrical Services Registered,Not listed,Facebook message,Electrician,UK,Facebook,Facebook only
NICEIC Approved Electrician,Not listed,Facebook message,Electrician,UK,Facebook,Facebook only
Plumber Local Trusted,Not listed,Contact via Yell,Plumber,UK,Yell.com,Yell listing
Emergency Plumber NO Callout,Not listed,Contact via Yell,Plumber,London,Yell.com,Yell listing
