Company Name,Contact Name,Title,LinkedIn URL,Email,Phone,Website,Industry,Employees,Funding,Content Score,Pain Points,Personalization Hook,Priority Score,Tier,Outreach Channel,First Contact,Response,Call,Proposal,Status,Value,Notes
TechStart SaaS,,,CMO,,,,SaaS,50,Series A,3,"Inconsistent posting, no blog",,8,1,LinkedIn,,,,,,,
GrowthTools,,,Marketing Director,,,,Software,30,Bootstrapped,4,"Active but sporadic",,7,2,Email,,,,,,,
CloudBase Inc,,,VP Marketing,,,,B2B SaaS,75,Series B,2,"Blog inactive 60+ days",,9,1,LinkedIn,,,,,,,
DataFlow Systems,,,Founder/CEO,,,,Enterprise Software,100,Series A,5,"Competitors out-contenting",,8,1,Email,,,,,,,
ScaleUp Software,,,Head of Growth,,,,SaaS,40,Seed,3,"Running ads, weak organic",,7,2,LinkedIn,,,,,,,
AutomateHQ,,,CMO,,,,Automation,25,Seed,4,"Recently funded, need content",,8,1,Email,,,,,,,
PipelineAI,,,VP Marketing,,,,AI/ML,60,Series A,3,"Hiring but no content team",,9,1,LinkedIn,,,,,,,
MetricFlow,,,Founder,,,,Analytics,15,Pre-seed,5,"Just launched, need awareness",,7,2,Email,,,,,,,
CustomerPulse,,,Marketing Director,,,,Customer Success,35,Series A,4,"Growing fast, inconsistent",,7,2,LinkedIn,,,,,,,
RevenueOS,,,Head of Content,,,,Revenue Tech,45,Series B,2,"Content role exists, overwhelmed",,8,1,Email,,,,,,,
SalesBoost,,,CMO,,,,Sales Tech,80,Series B,3,"Enterprise, need thought leadership",,8,1,LinkedIn,,,,,,,
TeamSync,,,Founder/CEO,,,,Collaboration,20,Bootstrapped,6,"Budget-conscious, need ROI",,6,2,Email,,,,,,,
WorkflowPro,,,VP Growth,,,,Productivity,55,Series A,4,"Product-led, need content engine",,8,1,LinkedIn,,,,,,,
AnalyticsPlus,,,Marketing Lead,,,,Data/Analytics,30,Seed,5,"Technical, need simplification",,7,2,Email,,,,,,,
IntegrationHub,,,CMO,,,,Integration Platform,90,Series B,3,"Multiple products, unified voice",,8,1,LinkedIn,,,,,,,
